{"stats":{"minecraft:used":{"minecraft:trident":35,"conservemod:banane":1,"minecraft:dirt":2,"minecraft:crafting_table":6,"conservemod:cassoulet_en_boite":2,"conservemod:pasteque_en_boite":2,"minecraft:egg":2,"conservemod:banane_en_boite":1},"minecraft:crafted":{"conservemod:boite_de_conserve":5,"conservemod:cassoulet_en_boite":2,"conservemod:pasteque_en_boite":3,"conservemod:banane_en_boite":3,"minecraft:iron_ingot":1},"minecraft:picked_up":{"conservemod:boite_de_conserve":3,"conservemod:banane_en_boite":1,"minecraft:cooked_porkchop":2,"minecraft:iron_ingot":8,"minecraft:iron_nugget":40,"minecraft:melon_slice":4,"minecraft:egg":2},"minecraft:dropped":{"conservemod:banane_en_boite":1},"minecraft:custom":{"minecraft:time_since_rest":39283,"minecraft:crouch_one_cm":146,"minecraft:play_time":39283,"minecraft:sprint_one_cm":17033,"minecraft:damage_taken":140,"minecraft:walk_one_cm":28423,"minecraft:sneak_time":33,"minecraft:drop":1,"minecraft:jump":87,"minecraft:leave_game":33,"minecraft:time_since_death":39283,"minecraft:walk_on_water_one_cm":486,"minecraft:total_world_time":51024,"minecraft:interact_with_crafting_table":29,"minecraft:fall_one_cm":2553,"minecraft:fly_one_cm":10915}},"DataVersion":3337}